target;BJD;RV_mlc_nzp;e_RV_mlc_nzp;RV_drs_nzp;e_RV_drs_nzp;RV_mlc;e_RV_mlc;RV_drs;e_RV_drs;RV_mlc_j;e_RV_mlc_j;CRX;e_CRX;dLW;e_dLW;Halpha;e_Halpha;NaD1;e_NaD1;NaD2;e_NaD2;f_RV;FWHM_DRS;CONTRAST_DRS;BIS;RVGUESS;SNR_DRS;BJD_DRS;BERV;BERV_DRS;DRIFT;e_DRIFT;SA;NZP_mlc;dNZP_mlc;NZP_drs;dNZP_drs;TMMEAN;EXPTIME;MLCRX;E_MLCRX;TIMEID;DRIFT_LAMP;MASK;PROGID;PROGPI;AIRMASS;OBHAB;THAR_FP;DPR_TYPE
HD111232;2453047.82793;-90.720;0.993;104568.073;1.086;63.5539702059;0.473880543899;104570.047291;0.417331435406;63.5539702059;0.473880543899;-9.749114794894076;4.699616793210549;-20.0964454062;1.5488203562;0.43832808015977853;0.00044321442935099024;0.3052113243141264;0.0006057622029000716;0.42168352363495515;0.0007902344102884562;0;6.45819148484;44.5557374068;-0.0350860988056;104.32;164.1;2453047.82719;17.170767551;17.1659434707;0.261;-9999999;0.000;1.878;0.873;1.974;-9999999;0.51;899.997;-9.7337329162;4.5081551755;2004-02-12T07:43:20.021;-9999999;G2;072.C-0488(E);Mayor;-9999999;HARPS_ech_obs_all;HARPS_ech_obs_thosimult;STAR,WAVE,G5
HD111232;2453400.84268;-23.144;1.121;104637.246;1.204;129.648067256;0.786753586427;104637.048501;0.666219173968;129.648067256;0.786753586427;18.80246594612673;7.058766888608949;-15.147714692;1.83016634789;0.44107534422203054;0.0007057793755974654;0.31090106590768946;0.0009781268446654;0.42407942264604215;0.0012853174730698893;0;6.45694718829;44.4891994078;-0.036039345161;104.3;102.2;2453400.84193;16.9196197079;16.9148408511;-0.091;-9999999;0.009;0.396;0.799;-0.206;-9999999;0.51;899.9817;18.8101899293;7.12689791552;2005-01-30T08:05:35.241;-9999999;G2;072.C-0488(E);Mayor;-9999999;HARPS_ech_obs_all;HARPS_ech_obs_thosimult;STAR,WAVE,G5
HD111232;2453401.80811;-23.231;1.228;104635.249;1.223;129.077266458;0.862601967918;104635.066132;0.699550672254;129.077266458;0.862601967918;3.273159493932539;8.012596219010131;-11.0627028447;1.89023172023;0.4433069453519394;0.0007701113197224562;0.31215438306670307;0.0010634315832736192;0.42553448171174174;0.0013969104398052787;0;6.46307221251;44.4628694918;-0.0356140123006;104.3;94.3;2453401.80736;16.999284233;16.994498277;-0.071;-9999999;0.009;-0.088;0.873;-0.192;-9999999;0.51;900.0004;3.27826799198;8.07786674171;2005-01-31T07:15:43.879;-9999999;G2;072.C-0488(E);Mayor;-9999999;HARPS_ech_obs_all;HARPS_ech_obs_thosimult;STAR,WAVE,G5
HD111232;2453401.81806;-20.825;1.370;104636.880;1.311;131.479724556;1.05598124591;104636.677591;0.84531841321;131.479724556;1.05598124591;-3.5904066492192825;10.454077179992;-11.7208125273;2.3864399764;0.4419491122810303;0.0009291858970677691;0.3099394698248547;0.0012867835742892833;0.4230797109505344;0.001689419134467477;0;6.46675669472;44.4405963852;-0.0381216846828;104.3;78.3;2453401.81731;16.9909853478;16.9861982744;-0.033;-9999999;0.009;-0.091;0.873;-0.211;-9999999;0.43;900.0019;-3.59525523316;10.5044766354;2005-01-31T07:31:15.200;-9999999;G2;072.C-0488(E);Mayor;-9999999;HARPS_ech_obs_all;HARPS_ech_obs_thosimult;STAR,WAVE,G5
HD111232;2453402.72459;-23.239;0.950;104634.973;1.063;130.05783306;0.557146990368;104635.589705;0.460935738435;130.05783306;0.557146990368;4.593088951522952;4.497195800797273;-10.4757289376;1.30232079209;0.43881586500812453;0.0004934867233685084;0.3042729368767295;0.0006777454814468384;0.4223015566511917;0.0008886090710336441;0;6.46116974155;44.4512503194;-0.0372275428359;104.3;146.0;2453402.72384;17.1039665182;17.0991736916;-0.026;-9999999;0.009;0.901;0.770;0.608;-9999999;0.5;750.0017;4.61941648297;4.59047633405;2005-02-01T05:16:47.574;-9999999;G2;072.C-0488(E);Mayor;-9999999;HARPS_ech_obs_all;HARPS_ech_obs_thosimult;STAR,WAVE,G5
HD111232;2453404.82257;-23.957;0.961;104634.687;1.055;128.402398768;0.402234896601;104634.39826;0.329908177324;128.402398768;0.402234896601;6.079684929213045;3.8184919329797435;-14.3741321006;1.16976476265;0.4392735371220536;0.0003496270073511513;0.30520251127070075;0.0004783105182014701;0.42275004347155654;0.0006266599889617337;0;6.45623235983;44.4682553903;-0.0353033638409;104.3;206.5;2453404.82182;17.1077172438;17.1029468755;0.207;-9999999;0.009;-0.037;0.873;-0.298;-9999999;0.48;800.0021;6.10414875035;3.92624839802;2005-02-03T07:37:33.446;-9999999;G2;072.C-0488(E);Mayor;-9999999;HARPS_ech_obs_all;HARPS_ech_obs_thosimult;STAR,WAVE,G5
HD111232;2453406.82561;-24.368;0.903;104633.462;0.870;127.395680598;0.380220056421;104633.514762;0.309122058175;127.395680598;0.380220056421;8.660218072500953;3.3324512385347957;-13.3839481704;1.21180653136;0.4374018872284404;0.0003220799565352114;0.30465432679475585;0.0004454230571430758;0.4216943717759461;0.000581217155362461;0;6.45995749629;44.4482430785;-0.0369130037766;104.3;222.6;2453406.82486;17.1592275152;17.1544748326;0.202;-9999999;0.009;-0.632;0.819;0.044;-9999999;0.5;836.1957;8.68288436065;3.44832072887;2005-02-05T07:41:12.290;-9999999;G2;072.C-0488(E);Mayor;-9999999;HARPS_ech_obs_all;HARPS_ech_obs_thosimult;STAR,WAVE,G5
HD111232;2453407.7798;-25.233;0.981;104632.974;1.074;127.137749051;0.446755749712;104632.768497;0.384611299844;127.137749051;0.446755749712;5.660596188211812;4.775562539898048;-18.7859070114;1.53029722542;0.4340138954108235;0.00039855664837850307;0.3027790343383886;0.0005596815148347718;0.4174033586576447;0.0007257853834160338;0;6.46313756314;44.5302790617;-0.0399155447305;104.3;178.5;2453407.77905;17.2181570844;17.2134082506;0.082;-9999999;0.009;-0.025;0.873;-0.215;-9999999;0.5;699.9952;5.68623172304;4.83556507513;2005-02-06T06:36:17.349;-9999999;G2;072.C-0488(E);Mayor;-9999999;HARPS_ech_obs_all;HARPS_ech_obs_thosimult;STAR,WAVE,G5
HD111232;2453408.85545;-25.735;0.974;104633.712;0.927;126.615455226;0.430708240308;104632.734731;0.368707739987;126.615455226;0.430708240308;4.41950908777775;3.9758736479757197;-19.551118118;1.4838531251;0.4367628854463751;0.00037771914227400615;0.30435382223145285;0.0005274266359048861;0.41951669717573425;0.000685090292908939;0;6.46086317173;44.5161574615;-0.0362964470004;104.3;189.1;2453408.8547;17.1638085597;17.1590653996;0.091;-9999999;0.009;-0.047;0.873;-0.986;-9999999;0.52;724.7001;4.44002978979;4.06320004679;2005-02-07T08:24:41.250;-9999999;G2;072.C-0488(E);Mayor;-9999999;HARPS_ech_obs_all;HARPS_ech_obs_thosimult;STAR,WAVE,G5
HD111232;2453409.85957;-27.720;0.878;104631.148;0.933;125.842154796;0.458164811924;104631.7376;0.379450312253;125.842154796;0.458164811924;5.114769467605595;4.701861343395539;-13.0349438881;1.23243161474;0.4370949600381071;0.00039437536966888;0.30456081071606883;0.000547993705839838;0.42182374430327346;0.0007157366809222757;0;6.46139120696;44.4604737769;-0.0377489055426;104.3;180.8;2453409.85882;17.1672930817;17.1625642266;-0.033;-9999999;0.009;1.166;0.749;0.581;-9999999;0.51;836.1999;5.14030921351;4.77464124687;2005-02-08T08:29:43.259;-9999999;G2;072.C-0488(E);Mayor;-9999999;HARPS_ech_obs_all;HARPS_ech_obs_thosimult;STAR,WAVE,G5
HD111232;2453410.87791;-25.933;1.013;104633.184;1.088;126.490503196;0.513794752446;104632.89188;0.423610806719;126.490503196;0.513794752446;4.2601440169868;4.322904307829504;-13.9097573102;1.36620316408;0.4374763198442487;0.00043784446196621106;0.30484888746319677;0.0006108060436422752;0.421685140579913;0.0007971078405391251;0;6.4577019952;44.4735514923;-0.0343360546732;104.3;162.7;2453410.87716;17.1518077529;17.1470847336;-0.092;-9999999;0.009;0.028;0.873;-0.301;-9999999;0.52;700.0007;4.28155983232;4.39601985646;2005-02-09T08:57:04.624;-9999999;G2;072.C-0488(E);Mayor;-9999999;HARPS_ech_obs_all;HARPS_ech_obs_thosimult;STAR,WAVE,G5
HD111232;2453411.88104;-27.976;1.014;104630.785;1.089;124.344329186;0.516058815284;104630.410146;0.425028532997;124.344329186;0.516058815284;3.1521309188154873;5.014288231869354;-12.1070535252;1.21515172861;0.43867267718213526;0.00044559707353707893;0.30509855166749206;0.0006167237533698214;0.4223677748284033;0.0008047442030685494;0;6.46295861858;44.4467224929;-0.0358011127689;104.3;161.5;2453411.88029;17.1445803784;17.1398700622;0.357;-9999999;0.009;-0.076;0.873;-0.384;-9999999;0.53;831.8013;3.16972063993;5.0869282429;2005-02-10T09:00:13.871;-9999999;G2;072.C-0488(E);Mayor;-9999999;HARPS_ech_obs_all;HARPS_ech_obs_thosimult;STAR,WAVE,G5
HD111232;2453412.85261;-29.752;0.881;104628.833;0.908;122.511571169;0.592756816791;104627.900517;0.489179642172;122.511571169;0.592756816791;7.92342506971776;6.054540757486099;-12.9080698393;1.58833681766;0.43688489590003715;0.0005150486244816628;0.30502586117842756;0.00071421222989759;0.42150698146969223;0.0009308790327544946;0;6.46082621812;44.4577105428;-0.037635364906;104.3;139.5;2453412.85186;17.1610549644;17.1563392002;-0.064;-9999999;0.009;-0.132;0.651;-0.941;-9999999;0.47;820.0006;7.94219908855;6.10223671899;2005-02-11T08:20:07.686;-9999999;G2;072.C-0488(E);Mayor;-9999999;HARPS_ech_obs_all;HARPS_ech_obs_thosimult;STAR,WAVE,G5
HD111232;2454253.58015;-41.567;1.102;104616.243;1.141;111.398716698;0.671988850773;104617.349351;0.544393680489;111.398716698;0.671988850773;9.099397688332274;5.182296756486163;-3.6110627136;1.29954672358;0.4411902975829163;0.0005969695181171207;0.3092288708522086;0.0008078052222750809;0.42133704653968146;0.0010666922623265458;0;6.47331758598;44.3853984149;-0.0384653799308;104.3;123.4;2454253.57951;-5.67041817178;-5.67495554075;-0.649;-9999999;0.029;0.570;0.873;1.077;-9999999;0.51;599.9967;9.11932271272;5.22051374924;2007-06-02T01:44:44.802;-9999999;G2;072.C-0488(E);Mayor;-9999999;HARPS_ech_obs_all;HARPS_ech_obs_thosimult;STAR,WAVE,G5
HD111232;2454254.5663;-43.514;1.061;104614.462;1.115;109.45585828;0.603314840831;104615.594631;0.489397149489;109.45585828;0.603314840831;-2.4800130020831546;5.846403212283827;-3.9200760183;1.14355345357;0.44533039139018465;0.0005286131206367562;0.3015230212040951;0.0007157184919341435;0.43240877029046093;0.0009469198197668682;0;6.47195330528;44.3812429929;-0.0406391860513;104.3;138.9;2454254.56566;-5.92036035362;-5.92489305596;-0.751;-9999999;0.029;0.574;0.873;1.104;-9999999;0.52;699.9981;-2.43679140174;5.87073922629;2007-06-03T01:23:51.752;-9999999;G2;072.C-0488(E);Mayor;-9999999;HARPS_ech_obs_all;HARPS_ech_obs_thosimult;STAR,WAVE,G5
HD111232;2454255.58664;-43.655;0.928;104615.663;1.006;109.634071845;0.481069497069;104616.090172;0.390637416477;109.634071845;0.481069497069;4.686146368398923;3.7023694098662876;-3.5663854562;0.966483160283;0.44414683079689543;0.00041826434660112406;0.3084278250328738;0.0005652240366673974;0.42352580553151314;0.0007497753385933991;0;6.47157922005;44.384741572;-0.0384763752468;104.3;174.8;2454255.586;-6.20886518221;-6.21340144677;0.136;-9999999;0.029;0.892;0.794;0.398;-9999999;0.49;899.9997;4.73451863172;3.75141032503;2007-06-04T01:51:53.984;-9999999;G2;072.C-0488(E);Mayor;-9999999;HARPS_ech_obs_all;HARPS_ech_obs_thosimult;STAR,WAVE,G5
HD111232;2454256.57232;-40.750;1.224;104617.561;1.210;112.067521396;0.857578403038;104618.622145;0.67658987668;112.067521396;0.857578403038;7.050492474035252;8.019590895430316;-4.40677685054;1.70049985549;0.44456017373862466;0.0007502253170628931;0.3101782731841412;0.0010205678972633326;0.4237698001715394;0.0013497276408917277;0;6.47534860206;44.3773911738;-0.0374238988426;104.3;98.3;2454256.57169;-6.45538628951;-6.45992549125;-0.042;-9999999;0.029;0.421;0.873;1.032;-9999999;0.49;699.9999;7.09705393198;8.04947670653;2007-06-05T01:32:56.545;-9999999;G2;072.C-0488(E);Mayor;-9999999;HARPS_ech_obs_all;HARPS_ech_obs_thosimult;STAR,WAVE,G5
HD111232;2454257.55017;-45.449;0.969;104613.200;0.953;108.089806874;0.653157433156;104614.693518;0.52551571455;108.089806874;0.653157433156;13.737878627934094;5.38271645452017;-3.80852227246;1.30471552863;0.44324643567674465;0.0005830171892260158;0.30220611354877586;0.0007855955040937334;0.43197183823828295;0.001038077796279059;0;6.4714357562;44.3935080143;-0.0380039568656;104.3;126.8;2454257.54941;-6.69090237889;-6.69528715925;0.142;-9999999;0.030;1.143;0.716;1.464;-9999999;0.5;700.0001;13.7908880027;5.40769105279;2007-06-06T01:00:57.385;-9999999;G2;072.C-0488(E);Mayor;-9999999;HARPS_ech_obs_all;HARPS_ech_obs_thosimult;STAR,WAVE,G5
HD111232;2454258.5953;-43.541;0.777;104615.041;0.874;109.319702485;0.541546547674;104615.931769;0.437783463286;109.319702485;0.541546547674;2.5947643203414685;5.318937660232718;-1.32766604123;0.966985138669;0.4425076726441814;0.0004711746728414058;0.30822440257894873;0.0006374383562317436;0.4229349707135792;0.0008452961951519004;0;6.47230288747;44.3620114006;-0.0374675041292;104.3;155.4;2454258.59465;-7.00303557931;-7.0075557713;0.108;-9999999;0.030;0.464;0.557;0.861;-9999999;0.46;699.9996;2.61790496807;5.34956105652;2007-06-07T02:06:26.704;-9999999;G2;072.C-0488(E);Mayor;-9999999;HARPS_ech_obs_all;HARPS_ech_obs_thosimult;STAR,WAVE,G5
HD111232;2454259.57167;-42.632;1.027;104616.466;0.995;110.228168992;0.540319703029;104617.266902;0.437878931045;110.228168992;0.540319703029;2.7686090195686006;4.674295314359732;-2.94302578528;1.35859148802;0.44490553568295427;0.00047493943297336486;0.3077286274469248;0.0006382705499315911;0.4230178757916863;0.000846839882708752;0;6.47411242537;44.375885679;-0.0369851272988;104.3;155.2;2454259.57103;-7.2346024332;-7.23912986828;0.398;-9999999;0.030;0.464;0.873;0.771;-9999999;0.5;699.9996;2.79927409781;4.72239187532;2007-06-08T01:31:59.238;-9999999;G2;072.C-0488(E);Mayor;-9999999;HARPS_ech_obs_all;HARPS_ech_obs_thosimult;STAR,WAVE,G5
HD111232;2455293.70781;-82.515;0.601;104575.616;0.591;69.8302613977;0.414440513754;104575.631206;0.338316725115;69.8302613977;0.414440513754;2.2172219211115447;4.4413732236367744;-3.46485799063;0.658916432364;0.43951047210059274;0.0003612391908592132;0.30638188897215385;0.00047844094306293873;0.4228612667492745;0.0006344825374264382;0;6.47159105724;44.3753122285;-0.0356484595096;104.3;206.3;2455293.70704;9.63409585509;9.62957219404;-0.519;-9999999;0.055;-0.051;0.436;-0.040;-9999999;0.51;900.007;2.21617309019;4.21768555789;2010-04-07T04:46:33.234;-9999999;G2;183.C-0972(A);Udry;-9999999;HARPS_ech_obs_all;HARPS_ech_obs_thosimult;STAR,WAVE,G5
HD111232;2455320.66445;-70.303;0.969;104588.282;0.907;84.2388121473;0.495047062522;104591.291286;0.406173889668;84.2388121473;0.495047062522;2.0264672233570806;4.3507677948610475;-0.990468922064;1.066451787;0.438960993317561;0.00039186426569276837;0.3098220149650994;0.0005352235521112711;0.4113700169027816;0.0006952518131039052;0;6.47590032772;44.3533515085;-0.0368630710621;104.3;185.4;2455320.66367;2.37838502895;2.37394451401;-0.024;-9999999;0.055;2.145;0.833;2.954;-9999999;0.48;900.0052;2.04600011491;4.25922666377;2010-05-04T03:43:45.910;-9999999;G2;183.C-0972(A);Udry;-9999999;HARPS_ech_obs_all;HARPS_ech_obs_thosimult;STAR,WAVE,G5
HD111232;2455326.58671;-68.998;0.962;104589.196;1.056;84.2844375258;0.404045244841;104590.559966;0.332934354823;84.2844375258;0.404045244841;-0.298769540503244;4.098095399058515;-3.79199819947;0.738958934482;0.441743110893535;0.00034963079877599915;0.31137308276954484;0.00046139339289313913;0.4219164018999571;0.0006085459917078863;0;6.47123885323;44.3734471762;-0.0376242744318;104.3;215.0;2455326.58594;0.743479806842;0.739093533796;0.185;-9999999;0.056;0.885;0.873;1.308;-9999999;0.5;900.007;-0.267769229485;3.99903454541;2010-05-10T01:51:28.996;-9999999;G2;183.C-0972(A);Udry;-9999999;HARPS_ech_obs_all;HARPS_ech_obs_thosimult;STAR,WAVE,G5
HD111232;2455340.61801;-55.873;0.646;104602.722;0.596;96.3763975795;0.554944422912;104602.732814;0.452328062122;96.3763975795;0.554944422912;-1.4548560493723883;4.24028911289097;2.69909077666;0.978370381657;0.44464273615308975;0.0004802545088836239;0.31264217625627444;0.0006405996164927914;0.4194261369121042;0.0008381781631675202;0;6.48223474339;44.331878112;-0.0374288218663;104.3;156.3;2455340.61724;-3.30668938962;-3.31110535937;1.057;-9999999;0.056;-0.148;0.330;-0.045;-9999999;0.52;900.0066;-1.42922213896;4.22646601596;2010-05-24T02:36:20.384;-9999999;G2;183.C-0972(A);Udry;-9999999;HARPS_ech_obs_all;HARPS_ech_obs_thosimult;STAR,WAVE,G5
HD111232;2456699.82125;91.958;0.719;104750.012;0.698;245.467186358;0.583711653039;104750.517726;0.476327232619;245.467186358;0.583711653039;-0.38689681662940245;5.0392379205292235;9.42830205427;1.07294850201;0.44200988413837006;0.0004830015409279061;0.31071506039387314;0.0006363085718809078;0.42178591805489873;0.0008352745560735399;0;6.48997410459;44.2936482822;-0.0412710556996;104.3;156.2;2456699.82047;17.1815819876;17.1768415913;-0.596;-9999999;0.089;1.113;0.419;0.417;-9999999;0.5;900.0017;-0.383540543156;5.01958693068;2014-02-11T07:33:51.738;-9999999;G2;192.C-0852(A);Udry;-9999999;HARPS_ech_obs_all;HARPS_ech_obs_thosimult;STAR,WAVE,G5
HD111232;2456700.75298;91.814;0.587;104750.219;0.478;244.692473204;0.51376155931;104750.468422;0.394963741921;244.692473204;0.51376155931;0.9502979117429504;4.774433225288765;9.17913764216;0.985918895478;0.44077467702493883;0.00039336127446317994;0.3100571979442637;0.0005189765417355759;0.4238740242949658;0.0006844271557012282;0;6.48812984497;44.2731442161;-0.0385687410816;104.3;190.5;2456700.7522;17.2295691596;17.2248163478;0.133;-9999999;0.089;0.482;0.284;0.160;-9999999;0.5;900.0008;0.957187238348;4.78497001291;2014-02-12T05:55:28.263;-9999999;G2;192.C-0852(A);Udry;-9999999;HARPS_ech_obs_all;HARPS_ech_obs_thosimult;STAR,WAVE,G5
HD111232;2456702.75926;91.606;0.718;104750.027;0.742;243.923713869;0.504745293164;104749.14805;0.414855784091;243.923713869;0.504745293164;-3.4617217123174555;4.100328250309548;8.78444828281;1.03724253059;0.4411489138703926;0.0004182189497534469;0.3107731331000746;0.0005517810349254491;0.4228247447281473;0.000724973442081828;0;6.48710889703;44.2801948312;-0.0364431199614;104.3;180.1;2456702.75847;17.1837302079;17.1789926331;0.046;-9999999;0.089;-0.078;0.511;-0.968;-9999999;0.51;900.0003;-3.45113208695;4.1494626317;2014-02-14T06:04:11.681;-9999999;G2;192.C-0852(A);Udry;-9999999;HARPS_ech_obs_all;HARPS_ech_obs_thosimult;STAR,WAVE,G5
HD111232;2456703.73995;92.211;0.792;104750.785;0.697;245.689674121;0.671881183085;104751.905489;0.543564509486;245.689674121;0.671881183085;2.5502670713679834;6.2334353595757666;11.3623831462;1.40979990073;0.4409826051801532;0.0005687666075020719;0.31093249821408403;0.0007500143076594734;0.42146199461609063;0.0009824395930641296;0;6.48927177941;44.2722013142;-0.0385338682631;104.3;133.2;2456703.73916;17.1723988639;17.1676625674;0.119;-9999999;0.089;1.083;0.419;1.031;-9999999;0.47;900.0005;2.5502167358;6.23145082627;2014-02-15T05:36:54.429;-9999999;G2;192.C-0852(A);Udry;-9999999;HARPS_ech_obs_all;HARPS_ech_obs_thosimult;STAR,WAVE,G5
HD111232;2456704.75647;93.238;0.710;104751.390;0.606;247.380192337;0.576848961665;104752.516478;0.472294070671;247.380192337;0.576848961665;-9.595076682653882;5.311486401217073;8.50437319667;1.05474872989;0.44146620950896076;0.0005003982924225269;0.3118213883694454;0.0006513368733123987;0.42275835433749853;0.0008545353323033645;0;6.48740791109;44.2812206818;-0.0385972079112;104.3;153.0;2456704.75569;17.1256953706;17.1209563124;-0.25;-9999999;0.089;1.746;0.414;1.037;-9999999;0.52;900.0016;-9.59028888296;5.29967940102;2014-02-16T05:59:52.240;-9999999;G2;192.C-0852(A);Udry;-9999999;HARPS_ech_obs_all;HARPS_ech_obs_thosimult;STAR,WAVE,G5
HD111232;2456736.78885;107.164;0.811;104766.185;1.019;260.731925846;0.532362399302;104766.682237;0.435893831009;260.731925846;0.532362399302;-5.613633505317779;3.783011018736203;8.51742912458;0.908673314615;0.4392379589060208;0.00044465207878433227;0.29937484257534297;0.0005833322730234584;0.418306658432829;0.0007673202060335339;0;6.48584949094;44.3168029484;-0.0391907749533;104.3;169.9;2456736.78806;13.43595094;13.4313599133;0.247;-9999999;0.090;1.172;0.613;0.407;-9999999;0.47;900.0015;-5.58646558616;3.4658070565;2014-03-20T06:44:49.608;-9999999;G2;192.C-0852(A);Udry;-9999999;HARPS_ech_obs_all;HARPS_ech_obs_wavesimult;STAR,WAVE,G5
HD111232;2456741.69987;105.481;0.595;104763.311;0.578;256.757394783;0.387302171424;104762.257635;0.318833022759;256.757394783;0.387302171424;-7.173888173230949;3.935332087293066;9.16511955239;0.845637831852;0.43991578640768325;0.0003166181317396412;0.30190814708875496;0.00041250919519669835;0.4228193675955251;0.0005452817790522571;0;6.48701725658;44.3065747444;-0.038011213736;104.3;239.2;2456741.69908;12.5668839534;12.5623165002;1.397;-9999999;0.090;-1.121;0.453;-1.143;-9999999;0.51;900.0002;-7.14244311876;3.59764831272;2014-03-25T04:35:47.726;-9999999;G2;192.C-0852(A);Udry;-9999999;HARPS_ech_obs_all;HARPS_ech_obs_wavesimult;STAR,WAVE,G5
HD111232;2456745.69661;106.393;0.633;104765.221;0.545;259.844506909;0.447296650475;104766.219838;0.368722735862;259.844506909;0.447296650475;-7.890530046296131;4.577211593326328;7.88935588557;0.966247359255;0.43815512214164276;0.00036953211467137645;0.29918813869102917;0.00048292999589180126;0.42107351422957245;0.0006389170993430637;0;6.48654214569;44.3221769653;-0.0377900176235;104.3;204.4;2456745.69583;11.7260888533;11.721536156;-0.075;-9999999;0.090;1.056;0.448;0.909;-9999999;0.49;900.0009;-7.85959833494;4.31268898616;2014-03-29T04:31:10.216;-9999999;G2;192.C-0852(A);Udry;-9999999;HARPS_ech_obs_all;HARPS_ech_obs_wavesimult;STAR,WAVE,G5
HD111232;2456787.56;117.576;0.829;104775.020;0.728;270.076666889;0.721376930469;104775.753536;0.583989261725;270.076666889;0.721376930469;-8.034488018296528;6.265428194778129;6.74090887029;1.32021743803;0.43910855647889635;0.0006004070457204489;0.3080346371091709;0.0007959896712603487;0.4117150418009058;0.0010251181116474816;0;6.4836953692;44.3155077905;-0.0431774735318;104.3;127.2;2456787.55921;0.761691371143;0.757283960271;0.324;-9999999;0.091;0.105;0.409;0.643;-9999999;0.55;900.0012;-8.01301663861;6.15885547482;2014-05-10T01:12:14.722;-9999999;G2;192.C-0852(A);Udry;-9999999;HARPS_ech_obs_all;HARPS_ech_obs_wavesimult;STAR,WAVE,G5
HD111232;2456791.66255;121.255;0.653;104779.710;0.544;273.19762768;0.448902052612;104780.021778;0.369116007433;273.19762768;0.448902052612;-14.665584327884892;4.506550511829168;7.02866755115;0.990414030724;0.441646490007492;0.00037010842754373784;0.3132944396256347;0.000489080998261099;0.4151173606526948;0.0006357919938277168;0;6.48769659731;44.2985591784;-0.0375878136413;104.3;204.5;2456791.66176;-0.508755479421;-0.513167133531;-0.198;-9999999;0.091;-0.453;0.474;0.221;-9999999;0.5;900.0009;-14.6491106479;4.32438325816;2014-05-14T03:40:39.873;-9999999;G2;192.C-0852(A);Udry;-9999999;HARPS_ech_obs_all;HARPS_ech_obs_wavesimult;STAR,WAVE,G5
HD111232;2456816.50841;120.712;0.889;104779.116;0.797;274.430689737;0.708753586567;104781.132821;0.574470693374;274.430689737;0.708753586567;5.998337177662549;5.718240711492152;8.50344566749;1.38087518599;0.4384639429232647;0.0005986783699590218;0.30087463766516787;0.000790753171046632;0.43232118711063716;0.0010494836709677767;0;6.49195857088;44.3068486756;-0.0384631734031;104.3;126.1;2456816.50763;-7.2307274522;-7.23511734821;0.0;-9999999;0.092;1.322;0.537;1.925;-9999999;0.51;900.001;6.02749686462;5.59222199203;2014-06-07T23:59:01.618;-9999999;G2;192.C-0852(A);Udry;-9999999;HARPS_ech_obs_all;HARPS_ech_obs_wavesimult;STAR,WAVE,G5
HD111232;2456819.54087;120.245;1.014;104777.903;1.083;273.161360385;0.514528914333;104779.527836;0.422913654561;273.161360385;0.514528914333;2.8844849325186033;5.4429167125041555;4.53901561288;0.967819595885;0.4432742948284859;0.0004346390931203367;0.3023553838941862;0.0005698972387193268;0.4305193348604286;0.0007522419460777736;0;6.48642683113;44.329537403;-0.0402653533183;104.3;174.9;2456819.5401;-8.02487295719;-8.02928224758;-0.387;-9999999;0.092;0.520;0.873;1.533;-9999999;0.49;900.0015;2.88784456995;5.28415172261;2014-06-11T00:46:11.052;-9999999;G2;192.C-0852(A);Udry;-9999999;HARPS_ech_obs_all;HARPS_ech_obs_wavesimult;STAR,WAVE,G5
HD111232;2456832.46945;121.504;0.981;104780.831;1.052;274.614362666;0.448104533518;104781.122363;0.368111281339;274.614362666;0.448104533518;-4.82778958010388;4.240783039713634;4.9969016073;0.812312637315;0.4426843882426729;0.00036922317609021057;0.30848347799419207;0.00048359516585506316;0.42294392288299915;0.0006426176269834823;0;6.4893804476;44.3217024313;-0.03755672591;104.3;204.6;2456832.46867;-10.9734630576;-10.9778650757;-0.108;-9999999;0.092;0.714;0.873;0.199;-9999999;0.51;900.0014;-4.81308671962;4.05697867356;2014-06-23T23:03:37.909;-9999999;G2;192.C-0852(A);Udry;-9999999;HARPS_ech_obs_all;HARPS_ech_obs_wavesimult;STAR,WAVE,G5
HD111232;2456835.46824;119.978;1.027;104778.948;1.097;273.190204618;0.540671668437;104780.051582;0.44492991143;273.190204618;0.540671668437;-1.0323397231115017;4.682167538919588;6.48711109863;1.19456345189;0.43906280357615846;0.0004502625370624637;0.3082840360611671;0.0005941548180177043;0.4222583670452999;0.0007889328151020138;0;6.48637249567;44.3207276201;-0.0392774149911;104.3;167.0;2456835.46746;-11.6048994669;-11.6093285599;-0.295;-9999999;0.092;0.816;0.873;1.012;-9999999;0.52;900.0005;-1.00059685155;4.53944031586;2014-06-26T23:01:54.174;-9999999;G2;Udry;Udry;-9999999;HARPS_ech_obs_all;HARPS_ech_obs_wavesimult;STAR,WAVE,G5
HD111232;2456857.49435;117.112;0.852;104775.614;0.828;270.12117639;0.572574752921;104776.866791;0.461965207987;270.12117639;0.572574752921;-0.28635370773594104;5.764282776227968;6.22620253296;1.1498754416;0.44293255307403484;0.0004742815108375975;0.3127615253156322;0.0006253005104211678;0.4211920083821201;0.000823096154280847;0;6.48900367289;44.2959519773;-0.0357437223738;104.3;160.0;2456857.49358;-15.2448458157;-15.2493435288;0.455;-9999999;0.093;0.613;0.631;1.160;-9999999;0.5;900.001;-0.265527992487;5.60627634106;2014-07-18T23:41:14.068;-9999999;G2;Udry;Udry;-9999999;HARPS_ech_obs_all;HARPS_ech_obs_thosimult;STAR,WAVE,G5
HD111232;2456864.47086;114.255;0.879;104772.385;0.974;266.265972517;0.448055522798;104771.766301;0.36644807894;266.265972517;0.448055522798;-7.273842528757456;5.00403473209989;3.41777478972;0.828027544027;0.4429896204124403;0.00037091136251054803;0.3044904674684994;0.00048816515327864643;0.4170150631481603;0.0006401772494297088;0;6.4845215007;44.3324688864;-0.0407861220566;104.3;204.7;2456864.47008;-15.970088928;-15.9746230101;0.246;-9999999;0.093;-0.386;0.756;-0.712;-9999999;0.48;900.0009;-7.2458299349;4.82837305399;2014-07-25T23:08:13.205;-9999999;G2;192.C-0852(A);Udry;-9999999;HARPS_ech_obs_all;HARPS_ech_obs_wavesimult;STAR,WAVE,G5
HD111232;2457044.85586;-48.175;0.974;104609.936;1.064;103.552960905;0.430947635363;104609.142602;0.357571507099;103.552960905;0.430947635363;-6.671832418693136;4.109610173689459;9.0725423933;0.822758039923;0.43803567826677203;0.00036307310269781406;0.3119277132411492;0.00047181583406524335;0.42283568325433796;0.0006204923195536825;0;6.48910097743;44.3140141505;-0.0358118290447;104.3;210.1;2457044.85507;16.2877120117;16.282877386;0.187;-9999999;0.098;-0.668;0.873;-0.891;-9999999;0.48;900.0021;-6.65074508833;4.12950519269;2015-01-22T08:25:38.754;-9999999;G2;192.C-0852(A);Udry;-9999999;HARPS_ech_obs_all;HARPS_ech_obs_wavesimult;STAR,WAVE,G5
HD111232;2457048.84949;-54.846;0.796;104602.576;0.718;98.6494506467;0.543675904557;104603.633589;0.443197567521;98.6494506467;0.543675904557;1.5062724889991443;4.800187019663759;8.62201375586;1.03172609735;0.43755976290181486;0.0004490069806330527;0.3107998646425493;0.0005952498277598701;0.41797550601923583;0.0007738791349695605;0;6.48835997826;44.295763992;-0.0398948347272;104.3;168.7;2457048.84871;16.6313173965;16.6264835709;-0.054;-9999999;0.098;1.099;0.581;0.960;-9999999;0.45;900.0021;1.52331716675;4.79401709117;2015-01-26T08:16:36.148;-9999999;G2;192.C-0852(A);Udry;-9999999;HARPS_ech_obs_all;HARPS_ech_obs_wavesimult;STAR,WAVE,G5
HD111232;2457062.88908;-73.709;0.778;104584.835;0.813;77.9404801766;0.408409948511;104583.595713;0.335124061658;77.9404801766;0.408409948511;-3.3287979608892666;4.244721855183859;8.98076563194;0.942395313533;0.4361033823626671;0.000333691840225827;0.3036300565944411;0.00043755622429222967;0.4175304350271525;0.0005687618549159114;0;6.4878082702;44.3171117729;-0.0376536727109;104.3;228.8;2457062.8883;17.1307557276;17.1259982777;0.333;-9999999;0.098;-0.747;0.663;-1.337;-9999999;0.48;900.0022;-3.32341774008;4.09540518127;2015-02-09T09:12:01.742;-9999999;G2;192.C-0852(A);Udry;-9999999;HARPS_ech_obs_all;HARPS_ech_obs_wavesimult;STAR,WAVE,G5
HD111232;2457066.78248;-75.915;0.753;104582.326;0.725;75.838025627;0.591904978552;104581.207794;0.480800812297;75.838025627;0.591904978552;8.770963058180989;5.656833033901052;9.72732951024;1.22954508125;0.4333299338126777;0.0005016622802310761;0.3030560663933245;0.0006647328568642629;0.41711640628675895;0.0008614279555073669;0;6.4888125696;44.3044386369;-0.0386089502409;104.3;151.6;2457066.7817;17.2000014018;17.1952354839;-0.011;-9999999;0.098;-0.643;0.466;-1.216;-9999999;0.51;900.001;8.79343637873;5.5532535134;2015-02-13T06:37:45.272;-9999999;G2;192.C-0852(A);Udry;-9999999;HARPS_ech_obs_all;HARPS_ech_obs_wavesimult;STAR,WAVE,G5
HD111232;2457115.7616;-130.887;0.767;104526.721;0.750;21.2856665014;0.466718786896;104527.269406;0.385503835543;21.2856665014;0.466718786896;0.31149951437297974;5.027041680228824;7.20682449809;1.13601534919;0.4396022811745844;0.00040366977566666556;0.3048892002710006;0.0005168422535450498;0.4212613359619895;0.0006855429735661615;0;6.48790554635;44.3199084838;-0.0375519488925;104.3;191.1;2457115.76082;10.5717225522;10.5671980992;-0.499;-9999999;0.099;-0.223;0.608;0.449;-9999999;0.52;900.0002;0.347356968091;5.10091863493;2015-04-03T06:04:03.370;-9999999;G2;192.C-0852(A);Udry;-9999999;HARPS_ech_obs_all;HARPS_ech_obs_wavesimult;STAR,WAVE,G5
HD111232;2457117.78685;-132.206;0.694;104526.339;0.662;18.7820697389;0.513589516796;104524.89076;0.42528890424;18.7820697389;0.513589516796;-2.526597591758366;4.4782832031301005;10.6130432917;1.07678284561;0.4355816800102923;0.0004646110984014844;0.30040713062977464;0.0005895696208875778;0.4237043801745761;0.0007817660261565466;0;6.49037177752;44.288637344;-0.0375560765808;104.3;168.5;2457117.78607;10.0759485688;10.0714342064;0.154;-9999999;0.099;-1.408;0.467;-1.547;-9999999;0.48;900.0012;-2.51750771732;4.55443263693;2015-04-05T06:40:55.018;-9999999;G2;192.C-0852(A);Udry;-9999999;HARPS_ech_obs_all;HARPS_ech_obs_wavesimult;STAR,WAVE,G5
HD111232;2457137.61444;-151.028;0.800;104507.334;0.892;1.11559066429;0.537122520929;104507.748676;0.446325213963;1.11559066429;0.537122520929;-6.330743288344503;5.223370268413638;9.30725545983;1.26395267601;0.439717084245371;0.00046918667113001784;0.30496010384223;0.0006047423193785235;0.41380803745857164;0.0007944306224447168;0;6.48789436635;44.2897195238;-0.0401749906224;104.3;163.6;2457137.61366;5.04649607016;5.04206168306;-0.276;-9999999;0.100;-0.252;0.593;0.315;-9999999;0.51;900.0007;-6.30922195919;5.22857934672;2015-04-25T02:31:28.345;-9999999;G2;192.C-0852(A);Udry;-9999999;HARPS_ech_obs_all;HARPS_ech_obs_wavesimult;STAR,WAVE,G5
HD111232;2457141.59554;-150.688;0.792;104507.587;0.893;-0.357215263772;0.383749619627;104505.964193;0.317475657259;-0.357215263772;0.383749619627;-4.483381030983591;4.031877215736203;8.39690388525;0.796912858234;0.43627055968059686;0.00031563202886349253;0.3064725516358041;0.0004114440483741848;0.4123534474588234;0.0005384746357138136;0;6.48619427231;44.2959580772;-0.0399866125773;104.3;240.5;2457141.59475;3.94483347129;3.94041139153;0.005;-9999999;0.100;-2.065;0.693;-1.723;-9999999;0.5;900.0006;-4.44939387941;4.03136393682;2015-04-29T02:04:18.925;-9999999;G2;192.C-0852(A);Udry;-9999999;HARPS_ech_obs_all;HARPS_ech_obs_wavesimult;STAR,WAVE,G5
HD111232;2457143.71501;-149.589;0.792;104509.626;0.821;2.4668648391;0.488309218753;104509.168527;0.403065917802;2.4668648391;0.488309218753;2.22332806659165;4.316060472397988;9.00758637355;1.05959878873;0.4410216491611422;0.0004115122852528948;0.3100563762661066;0.0005362972309038691;0.4243565723704365;0.0007008870094470553;0;6.48998411427;44.2978243381;-0.0380022482619;104.3;185.6;2457143.71422;3.23706889651;3.23264864533;0.408;-9999999;0.100;-0.341;0.624;-0.557;-9999999;0.54;900.0011;2.26832826452;4.33099414286;2015-05-01T04:55:42.582;-9999999;G2;192.C-0852(A);Udry;-9999999;HARPS_ech_obs_all;HARPS_ech_obs_wavesimult;STAR,WAVE,G5
HD111232;2457147.73338;-151.595;1.089;104507.238;1.133;0.806397687969;0.650634801364;104506.895348;0.529307855598;0.806397687969;0.650634801364;5.756121207321154;4.994004283379353;10.5966295479;1.31232992048;0.43844375264983443;0.0005500421058316765;0.305510622171648;0.0007263244136069118;0.4175014180477502;0.0009474883170797629;0;6.48903470865;44.2943113608;-0.0384673181671;104.3;138.2;2457147.7326;2.08020012495;2.07579100361;-0.508;-9999999;0.100;0.005;0.873;-0.443;-9999999;0.49;900.0003;5.77019097481;4.99558729189;2015-05-05T05:22:52.289;-9999999;G2;192.C-0852(A);Udry;-9999999;HARPS_ech_obs_all;HARPS_ech_obs_wavesimult;STAR,WAVE,G5
HD111232;2457201.49858;-94.185;1.188;104497.832;1.233;-135.798477283;0.652316076228;104496.612028;0.567752364097;-135.798477283;0.652316076228;0.0816891025586699;8.63731362874911;0.289633470186;0.972039746839;0.44496055947229873;0.0006443995031447203;0.3109898066019634;0.0007890871095134937;0.42231861494495176;0.001036890315357049;0;6.50373490722;44.1594620774;-0.0243556283594;104.3;125.8;2457201.4978;-11.7853779688;-11.7898092678;0.0;-9999999;0.101;-1.355;0.994;-1.321;-9999999;0.54;899.9983;0.0856767525565;8.42631389093;2015-06-27T23:45:20.230;-9999999;G2;192.C-0852(A);Udry;-9999999;HARPS_ech_obs_all;HARPS_ech_obs_wavesimult;STAR,WAVE,G5
HD111232;2457204.58826;-91.937;0.896;104499.135;0.698;-135.023027321;0.439699332672;104496.933893;0.395383759753;-135.023027321;0.439699332672;-7.867828675039533;7.465939201112722;0.886719913365;0.562768269905;0.44519309589219624;0.00039481713225475386;0.3086669040597262;0.0005057735980659269;0.42688198962613916;0.0006627062933484948;0;6.50367473131;44.173256007;-0.0219458322761;104.3;193.6;2457204.58746;-12.461316422;-12.465764658;0.0;-9999999;0.101;-2.828;0.780;-2.302;-9999999;0.5;899.9983;-7.83458459735;7.33970600256;2015-07-01T01:55:14.302;-9999999;G2;192.C-0852(A);Udry;-9999999;HARPS_ech_obs_all;HARPS_ech_obs_wavesimult;STAR,WAVE,G5
HD111232;2457462.66457;0.149;0.575;104590.601;0.580;-39.6094200909;0.33406128469;104591.282369;0.318876285581;-39.6094200909;0.33406128469;4.319169969052666;7.259143917792844;0.23011791516;0.540843501061;0.4406646813675606;0.00037590639169392384;0.30168196274696546;0.0004553225394261301;0.417247480484407;0.0005935822835996953;0;6.50022514254;44.1844368503;-0.0230530304589;104.3;216.9;2457462.66377;14.3628276223;14.3582279423;0.043;-9999999;0.108;0.501;0.468;0.573;-9999999;0.46;899.9983;4.29429510314;6.86337116581;2016-03-15T03:46:19.817;-9999999;G2;192.C-0852(A);Udry;-9999999;HARPS_ech_obs_all;HARPS_ech_obs_wavesimult;STAR,WAVE,G5
HD111232;2457465.7628;0.758;0.490;104591.476;0.490;-40.0537209843;0.32124372346;104591.014119;0.309025347482;-40.0537209843;0.32124372346;1.3739471461385584;4.2043664045715685;-0.650320513003;0.449241984399;0.44102312379057734;0.0003521613538522265;0.30906062566248244;0.0004320174693415528;0.4273723204341279;0.0005644113750950616;0;6.50100558305;44.1771329287;-0.0227551666062;104.3;227.8;2457465.762;13.7350319614;13.7304516874;-0.54;-9999999;0.108;-0.554;0.370;-0.570;-9999999;0.5;899.9983;1.38195543669;4.03307358661;2016-03-18T06:06:58.175;-9999999;G2;192.C-0852(A);Udry;-9999999;HARPS_ech_obs_all;HARPS_ech_obs_wavesimult;STAR,WAVE,G5
HD111232;2457516.69925;32.272;0.823;104624.259;0.782;-6.7653512495;0.617839493798;104624.887925;0.538854523518;-6.7653512495;0.617839493798;4.291476543622082;8.652826367029753;-0.547546361001;0.818942426037;0.44384287466052386;0.0005833505727774911;0.30664807678593364;0.0007465490967660112;0.4069985231366628;0.0009525329856644481;0;6.50739596895;44.1835966851;-0.0247849769784;104.3;134.0;2457516.69845;1.03660418204;1.03221175766;0.754;-9999999;0.109;1.222;0.543;0.520;-9999999;0.46;899.9983;4.31359936994;8.63076176933;2016-05-08T04:34:07.465;-9999999;G2;196.C-1006(A);Udry;-9999999;HARPS_ech_obs_all;HARPS_ech_obs_wavesimult;STAR,WAVE,G5
HD111232;2457523.72182;34.512;0.924;104625.577;0.969;-8.91043473901;0.703710891439;104621.856707;0.602942154659;-8.91043473901;0.703710891439;9.453020996599601;8.575991354696368;0.654891550317;0.847985729404;0.4405614291486279;0.0006428756693393426;0.3126757251590099;0.000825253533072164;0.41341409475997937;0.0010677032296111024;0;6.50569755476;44.1695391024;-0.024004827404;104.3;120.3;2457523.72102;-1.0016352098;-1.00601556507;5.222;-9999999;0.109;-3.163;0.599;-3.829;-9999999;0.6;899.9983;9.44503788786;8.57150909071;2016-05-15T05:04:31.665;-9999999;G2;196.C-1006(A);Udry;-9999999;HARPS_ech_obs_all;HARPS_ech_obs_wavesimult;STAR,WAVE,G5
HD111232;2457534.68434;42.752;0.945;104633.918;0.754;-0.741455990284;0.311424400225;104631.68572;0.302935324906;-0.741455990284;0.311424400225;-9.282888807991473;6.296368241318098;0.0984391861255;0.397007994664;0.4465457667095241;0.0003149469285949421;0.3106924061828908;0.0003944026887730124;0.4168602937265154;0.0005142498170127332;0;6.50636885244;44.1540835451;-0.0207896029082;104.3;249.7;2457534.68354;-4.06335507123;-4.06773305885;0.444;-9999999;0.109;-3.235;0.892;-2.341;-9999999;0.51;899.9983;-9.29690199876;6.29591508955;2016-05-26T04:12:01.764;-9999999;G2;196.C-1006(A);Udry;-9999999;HARPS_ech_obs_all;HARPS_ech_obs_wavesimult;STAR,WAVE,G5
HD111232;2457536.69374;44.410;1.032;104636.313;0.657;3.89610404827;0.440512749926;104635.21992;0.397772047245;3.89610404827;0.440512749926;10.229227699708881;8.412862335964112;0.858770616053;0.683930745967;0.44848720371539985;0.00039679317183071583;0.30369117775482485;0.0005148738761982985;0.42135002428601503;0.0006641607627293637;0;6.50640351804;44.1533937102;-0.0246902351961;104.3;192.6;2457536.69294;-4.62264205046;-4.62701881298;-2.13;-9999999;0.110;-0.256;0.933;-1.203;-9999999;0.54;899.9983;10.2819227474;8.41245401376;2016-05-28T04:25:09.663;-9999999;G2;196.C-1006(A);Udry;-9999999;HARPS_ech_obs_all;HARPS_ech_obs_wavesimult;STAR,WAVE,G5
